"","SNP","pval.outcome","chromosome","pos","effect_allele.outcome","other_allele.outcome","eaf.outcome","beta.outcome","se.outcome","outcome","id.outcome"
"1","rs2741856",2.079e-07,17,41826839,"C","G",0.0979,-0.1308,0.0252,"Hip fracture","Hip fracture"
"2","rs75013658",2.177e-07,17,41825112,"A","G",0.0979,-0.1306,0.0252,"Hip fracture","Hip fracture"
"3","rs144691710",6.055e-06,17,41819562,"A","G",0.9017,0.1164,0.0257,"Hip fracture","Hip fracture"
"4","rs62078607",0.0006694,17,41848271,"T","C",0.0695,0.1016,0.0299,"Hip fracture","Hip fracture"
"5","rs117857467",0.001347,17,41836456,"A","G",0.0689,0.0957,0.0299,"Hip fracture","Hip fracture"
"6","rs955412",0.006468,17,41812561,"T","C",0.3334,0.0426,0.0156,"Hip fracture","Hip fracture"
"7","rs9303537",0.007054,17,41814008,"T","G",0.3332,0.0422,0.0156,"Hip fracture","Hip fracture"
"8","rs9908933",0.008228,17,41817511,"T","C",0.3322,0.0414,0.0157,"Hip fracture","Hip fracture"
"9","rs2076793",0.008372,17,41817152,"A","T",0.3324,0.0413,0.0157,"Hip fracture","Hip fracture"
"10","rs9303540",0.009616,17,41817630,"T","C",0.3322,0.0406,0.0157,"Hip fracture","Hip fracture"
"11","rs35590725",0.02201,17,41818953,"T","G",0.3972,0.0355,0.0155,"Hip fracture","Hip fracture"
"12","rs11650233",0.0225,17,41826492,"T","C",0.2686,0.0381,0.0167,"Hip fracture","Hip fracture"
"13","rs9783806",0.02728,17,41813629,"T","G",0.396,0.0332,0.0151,"Hip fracture","Hip fracture"
"14","rs9902196",0.02737,17,41813909,"T","C",0.6043,-0.0332,0.0151,"Hip fracture","Hip fracture"
"15","rs9303539",0.02756,17,41815766,"A","G",0.604,-0.0332,0.0151,"Hip fracture","Hip fracture"
"16","rs9303538",0.02819,17,41814083,"A","G",0.6043,-0.033,0.0151,"Hip fracture","Hip fracture"
"17","rs9783823",0.02823,17,41813369,"T","C",0.6042,-0.033,0.0151,"Hip fracture","Hip fracture"
"18","rs9915878",0.02964,17,41814976,"A","G",0.604,-0.0327,0.0151,"Hip fracture","Hip fracture"
"19","rs851055",0.0312,17,41836860,"A","G",0.661,-0.0337,0.0157,"Hip fracture","Hip fracture"
"20","rs35174738",0.03168,17,41817424,"A","G",0.6049,-0.0324,0.0151,"Hip fracture","Hip fracture"
"21","rs851056",0.03191,17,41837182,"C","G",0.6611,-0.0336,0.0157,"Hip fracture","Hip fracture"
"22","rs60210170",0.03964,17,41819140,"A","G",0.6033,-0.031,0.0151,"Hip fracture","Hip fracture"
"23","rs1237278",0.04,17,41838229,"T","C",0.6613,-0.0322,0.0157,"Hip fracture","Hip fracture"
"24","rs1634330",0.04043,17,41839069,"T","C",0.3386,0.0321,0.0157,"Hip fracture","Hip fracture"
"25","rs1708635",0.0405,17,41838894,"A","T",0.3386,0.0321,0.0157,"Hip fracture","Hip fracture"
"26","rs7219886",0.0426,17,41819586,"A","G",0.3966,0.0305,0.0151,"Hip fracture","Hip fracture"
"27","rs851054",0.05805,17,41836623,"T","C",0.6595,-0.0303,0.016,"Hip fracture","Hip fracture"
"28","rs1230403",0.07582,17,41846964,"T","C",0.0385,0.0706,0.0397,"Hip fracture","Hip fracture"
"29","rs2943030",0.08564,17,41848317,"A","G",0.9614,-0.0683,0.0397,"Hip fracture","Hip fracture"
"30","rs11713",0.163,17,41845824,"A","G",0.205,-0.0252,0.0181,"Hip fracture","Hip fracture"
"31","rs4793026",0.1668,17,41850508,"A","G",0.7947,0.025,0.0181,"Hip fracture","Hip fracture"
"32","rs60085355",0.1668,17,41847415,"T","C",0.7951,0.025,0.0181,"Hip fracture","Hip fracture"
"33","rs58242860",0.1715,17,41847300,"T","C",0.795,0.0247,0.0181,"Hip fracture","Hip fracture"
"34","rs6503476",0.1733,17,41850163,"T","C",0.2049,-0.0246,0.0181,"Hip fracture","Hip fracture"
"35","rs17742347",0.1758,17,41846468,"T","C",0.2045,-0.0245,0.0181,"Hip fracture","Hip fracture"
"36","rs4793025",0.1831,17,41841621,"T","C",0.7959,0.0241,0.0181,"Hip fracture","Hip fracture"
"37","rs4792910",0.1832,17,41840229,"T","C",0.7959,0.0241,0.0181,"Hip fracture","Hip fracture"
"38","rs61608877",0.1861,17,41848713,"A","C",0.7929,0.0239,0.0181,"Hip fracture","Hip fracture"
"39","rs2023794",0.1896,17,41837660,"T","C",0.937,0.0409,0.0312,"Hip fracture","Hip fracture"
"40","rs143139672",0.1945,17,41848173,"C","G",0.7933,0.0235,0.0181,"Hip fracture","Hip fracture"
"41","rs140859835",0.1947,17,41821630,"A","G",0.9499,-0.0462,0.0357,"Hip fracture","Hip fracture"
"42","rs9899889",0.1957,17,41823225,"T","G",0.5342,0.0191,0.0147,"Hip fracture","Hip fracture"
"43","rs116979403",0.2071,17,41849105,"A","G",0.2078,-0.0228,0.0181,"Hip fracture","Hip fracture"
"44","rs851059",0.2119,17,41827086,"A","T",0.5359,0.0184,0.0147,"Hip fracture","Hip fracture"
"45","rs851060",0.2123,17,41828496,"T","C",0.5361,0.0184,0.0147,"Hip fracture","Hip fracture"
"46","rs60908520",0.2128,17,41854587,"T","C",0.2055,-0.0225,0.0181,"Hip fracture","Hip fracture"
"47","rs851063",0.2133,17,41829779,"T","C",0.4597,-0.0184,0.0148,"Hip fracture","Hip fracture"
"48","rs851062",0.2386,17,41829296,"A","G",0.4597,-0.0174,0.0148,"Hip fracture","Hip fracture"
"49","rs1230397",0.2716,17,41844689,"T","C",0.732,0.0181,0.0165,"Hip fracture","Hip fracture"
"50","rs15359",0.2767,17,41843979,"C","G",0.2679,-0.018,0.0165,"Hip fracture","Hip fracture"
"51","rs1230400",0.2777,17,41845451,"A","G",0.7316,0.0179,0.0165,"Hip fracture","Hip fracture"
"52","rs1230399",0.2785,17,41845403,"T","C",0.7317,0.0179,0.0165,"Hip fracture","Hip fracture"
"53","rs1230396",0.2895,17,41843029,"A","C",0.2677,-0.0175,0.0165,"Hip fracture","Hip fracture"
"54","rs1230393",0.2963,17,41842592,"A","G",0.2677,-0.0172,0.0165,"Hip fracture","Hip fracture"
"55","rs3785810",0.2986,17,41850689,"C","G",0.7317,0.0172,0.0165,"Hip fracture","Hip fracture"
"56","rs1234612",0.3079,17,41840802,"T","C",0.7323,0.0168,0.0165,"Hip fracture","Hip fracture"
"57","rs79523610",0.3081,17,41821589,"T","C",0.0649,-0.0314,0.0308,"Hip fracture","Hip fracture"
"58","rs7342930",0.3247,17,41824694,"T","C",0.4025,-0.0148,0.015,"Hip fracture","Hip fracture"
"59","rs9910135",0.3306,17,41823402,"T","C",0.4029,-0.0146,0.015,"Hip fracture","Hip fracture"
"60","rs16940163",0.3321,17,41821784,"A","G",0.4025,-0.0146,0.015,"Hip fracture","Hip fracture"
"61","rs7222683",0.3345,17,41821086,"A","G",0.4025,-0.0145,0.015,"Hip fracture","Hip fracture"
"62","rs16940164",0.335,17,41821961,"A","C",0.5971,0.0145,0.015,"Hip fracture","Hip fracture"
"63","rs12948101",0.336,17,41822221,"A","G",0.5971,0.0144,0.015,"Hip fracture","Hip fracture"
"64","rs75901553",0.3381,17,41831844,"A","G",0.0635,0.0304,0.0317,"Hip fracture","Hip fracture"
"65","rs7342964",0.3441,17,41824639,"A","G",0.4026,-0.0142,0.015,"Hip fracture","Hip fracture"
"66","rs4792912",0.3446,17,41853669,"T","C",0.0642,0.029,0.0307,"Hip fracture","Hip fracture"
"67","rs4792911",0.3448,17,41853478,"T","C",0.0642,0.029,0.0307,"Hip fracture","Hip fracture"
"68","rs17674457",0.345,17,41838266,"T","C",0.0154,0.0629,0.0666,"Hip fracture","Hip fracture"
"69","rs1230402",0.3515,17,41846508,"A","G",0.0639,0.0286,0.0307,"Hip fracture","Hip fracture"
"70","rs851061",0.3536,17,41828783,"C","G",0.5706,0.0171,0.0184,"Hip fracture","Hip fracture"
"71","rs2106764",0.3541,17,41852717,"A","T",0.2691,-0.0153,0.0165,"Hip fracture","Hip fracture"
"72","rs4792913",0.3583,17,41854497,"T","C",0.731,0.0151,0.0165,"Hip fracture","Hip fracture"
"73","rs851058",0.3754,17,41837719,"A","G",0.4596,-0.0131,0.0148,"Hip fracture","Hip fracture"
"74","rs34424119",0.3812,17,41840576,"A","G",0.0674,0.0277,0.0316,"Hip fracture","Hip fracture"
"75","rs17884287",0.4539,17,41814868,"A","G",0.9351,0.0225,0.0301,"Hip fracture","Hip fracture"
"76","rs17884549",0.4539,17,41814810,"T","G",0.9351,0.0225,0.0301,"Hip fracture","Hip fracture"
"77","rs851057",0.4669,17,41837264,"C","G",0.8698,-0.0192,0.0264,"Hip fracture","Hip fracture"
"78","rs74252773",0.4683,17,41819094,"A","G",0.0649,-0.0218,0.0301,"Hip fracture","Hip fracture"
"79","rs78457612",0.4684,17,41813518,"A","C",0.9351,0.0218,0.0301,"Hip fracture","Hip fracture"
"80","rs112434296",0.4882,17,41829811,"T","C",0.0115,-0.0521,0.0752,"Hip fracture","Hip fracture"
"81","rs74330161",0.4907,17,41823398,"C","G",0.0651,-0.0207,0.0301,"Hip fracture","Hip fracture"
"82","rs3200241",0.5015,17,41844259,"C","G",0.0507,-0.0229,0.0341,"Hip fracture","Hip fracture"
"83","rs80070627",0.5074,17,41822724,"A","G",0.065,-0.0199,0.0301,"Hip fracture","Hip fracture"
"84","rs17610252",0.5088,17,41822937,"A","T",0.065,-0.0199,0.0301,"Hip fracture","Hip fracture"
"85","rs17885814",0.571,17,41830106,"C","G",0.0631,-0.0173,0.0306,"Hip fracture","Hip fracture"
"86","rs865429",0.582,17,41835215,"A","G",0.8926,-0.0133,0.0241,"Hip fracture","Hip fracture"
"87","rs9912672",0.6158,17,41854491,"C","G",0.0666,0.0151,0.0301,"Hip fracture","Hip fracture"
"88","rs17882143",0.6593,17,41836082,"T","C",0.0143,0.0291,0.0659,"Hip fracture","Hip fracture"
"89","rs111800319",0.6744,17,41845031,"T","C",0.9781,0.0221,0.0526,"Hip fracture","Hip fracture"
"90","rs7225685",0.6749,17,41855072,"T","C",0.9332,-0.0126,0.0301,"Hip fracture","Hip fracture"
"91","rs4793027",0.677,17,41853247,"T","C",0.0665,0.0125,0.0301,"Hip fracture","Hip fracture"
"92","rs1230401",0.6898,17,41845527,"A","C",0.9335,-0.012,0.0301,"Hip fracture","Hip fracture"
"93","rs1230398",0.6922,17,41845235,"A","C",0.9334,-0.0119,0.0301,"Hip fracture","Hip fracture"
"94","rs1230395",0.7005,17,41842937,"T","C",0.9335,-0.0116,0.0301,"Hip fracture","Hip fracture"
"95","rs1728173",0.7041,17,41839323,"A","G",0.933,-0.0114,0.03,"Hip fracture","Hip fracture"
"96","rs17883310",0.7428,17,41832390,"A","G",0.0166,0.0195,0.0594,"Hip fracture","Hip fracture"
"97","rs1728174",0.7496,17,41840056,"T","C",0.9331,-0.0096,0.03,"Hip fracture","Hip fracture"
"98","rs7220014",0.8237,17,41819001,"T","C",0.0187,0.0127,0.0572,"Hip fracture","Hip fracture"
"99","rs77560695",0.8872,17,41840477,"T","C",0.0525,0.0055,0.0391,"Hip fracture","Hip fracture"
"100","rs77697917",0.8959,17,41840849,"T","C",0.0291,-0.0057,0.0438,"Hip fracture","Hip fracture"
"101","rs111295209",0.9072,17,41845860,"A","G",0.0174,0.0092,0.0786,"Hip fracture","Hip fracture"
"102","rs112105951",0.9184,17,41816956,"T","C",0.0404,0.0042,0.0408,"Hip fracture","Hip fracture"
"103","rs2342311",0.9373,17,41838593,"T","C",0.0978,0.002,0.0251,"Hip fracture","Hip fracture"
"104","rs79882528",0.9982,17,41826182,"T","C",0.0739,-1e-04,0.0316,"Hip fracture","Hip fracture"
"105","rs17610444",0.9991,17,41825857,"T","C",0.9269,0,0.0287,"Hip fracture","Hip fracture"
